f1,f5,f6,f7,f8,f11,f13,f15,f16,f18,class
0.3333333333333333,0.0,1.0,0.0,0.9090909090909092,1.0,0.6451612903225807,1.0,1.0,0.42857142857142855,2
0.3333333333333333,0.0,0.0,0.0,0.0,0.0,0.0,0.0,1.0,0.0,1
0.6666666666666667,0.0,0.0,0.0,0.9090909090909092,0.5,0.3225806451612904,0.0,0.0,0.0,1
0.3333333333333333,0.0,1.0,0.0,0.0,0.5,0.3225806451612904,0.0,0.0,0.0,2
1.0,0.0,0.0,0.0,0.0,1.0,0.3225806451612904,0.0,1.0,0.0,1
1.0,0.0,0.0,0.0,0.9090909090909092,0.5,0.6451612903225807,0.5,1.0,0.14285714285714285,1
0.6666666666666667,0.0,0.0,0.0,0.0,0.5,0.3225806451612904,0.0,0.0,0.14285714285714285,2
0.3333333333333333,0.0,0.0,0.0,0.9090909090909092,1.0,0.9677419354838712,1.0,1.0,0.5714285714285714,2
0.3333333333333333,0.0,1.0,0.0,0.9090909090909092,0.5,0.6451612903225807,0.5,0.0,0.0,1
0.3333333333333333,0.0,0.0,0.0,0.9090909090909092,0.5,0.6451612903225807,0.5,1.0,0.14285714285714285,1
1.0,1.0,1.0,0.0,0.0,1.0,0.6451612903225807,1.0,1.0,0.2857142857142857,1
1.0,1.0,1.0,0.0,0.9090909090909092,1.0,0.9677419354838712,1.0,1.0,0.7142857142857142,2
0.3333333333333333,0.0,0.0,0.0,0.9090909090909092,0.5,0.0,0.0,1.0,0.14285714285714285,2
0.6666666666666667,0.0,1.0,0.0,0.9090909090909092,1.0,0.9677419354838712,1.0,0.0,0.7142857142857142,2
0.3333333333333333,1.0,1.0,1.0,0.9090909090909092,1.0,0.9677419354838712,1.0,1.0,0.5714285714285714,2
0.3333333333333333,1.0,1.0,0.0,0.9090909090909092,1.0,0.6451612903225807,1.0,1.0,0.7142857142857142,1
0.6666666666666667,1.0,1.0,1.0,0.0,0.5,0.3225806451612904,1.0,1.0,0.8571428571428572,3
0.3333333333333333,1.0,1.0,1.0,0.9090909090909092,0.5,0.3225806451612904,1.0,1.0,0.7142857142857142,2
1.0,0.0,0.0,0.0,0.9090909090909092,0.5,0.6451612903225807,1.0,1.0,0.0,2
0.6666666666666667,0.0,1.0,0.0,0.9090909090909092,0.5,0.6451612903225807,0.5,1.0,0.0,2
1.0,1.0,1.0,0.0,0.9090909090909092,1.0,0.3225806451612904,1.0,1.0,0.2857142857142857,2
0.3333333333333333,0.0,0.0,0.0,0.9090909090909092,0.5,0.6451612903225807,1.0,0.0,0.14285714285714285,2
0.3333333333333333,0.0,0.0,0.0,0.9090909090909092,1.0,0.6451612903225807,1.0,0.0,0.42857142857142855,1
0.3333333333333333,0.0,0.0,0.0,0.9090909090909092,0.5,0.3225806451612904,1.0,1.0,0.5714285714285714,2
0.3333333333333333,0.0,0.0,0.0,0.0,0.5,0.6451612903225807,0.0,1.0,0.0,1
1.0,0.0,0.0,0.0,0.9090909090909092,1.0,0.3225806451612904,0.5,1.0,0.14285714285714285,1
0.3333333333333333,0.0,0.0,0.0,0.0,1.0,0.6451612903225807,0.5,1.0,0.0,1
0.3333333333333333,0.0,0.0,0.0,0.9090909090909092,1.0,0.6451612903225807,0.5,0.0,0.0,1
0.3333333333333333,0.0,0.0,0.0,0.0,0.5,0.6451612903225807,0.5,0.0,0.0,1
1.0,0.0,1.0,0.0,0.9090909090909092,1.0,0.3225806451612904,1.0,1.0,0.14285714285714285,2
0.3333333333333333,0.0,0.0,0.0,0.9090909090909092,0.5,0.3225806451612904,0.0,1.0,0.0,1
0.3333333333333333,0.0,0.0,0.0,0.9090909090909092,0.5,0.9677419354838712,1.0,1.0,0.5714285714285714,2
1.0,1.0,0.0,1.0,0.9090909090909092,0.5,0.9677419354838712,1.0,1.0,0.8571428571428572,2
1.0,1.0,1.0,0.0,0.9090909090909092,1.0,0.6451612903225807,0.5,1.0,0.14285714285714285,1
0.6666666666666667,0.0,0.0,0.0,0.9090909090909092,0.5,0.3225806451612904,0.0,0.0,0.0,1
0.3333333333333333,0.0,1.0,0.0,0.9090909090909092,0.5,0.3225806451612904,1.0,0.0,0.5714285714285714,2
0.6666666666666667,0.0,1.0,0.0,0.0,0.5,0.6451612903225807,1.0,0.0,0.14285714285714285,1
0.3333333333333333,0.0,0.0,0.0,0.9090909090909092,1.0,0.3225806451612904,1.0,1.0,0.5714285714285714,2
0.6666666666666667,0.0,1.0,0.0,0.9090909090909092,1.0,0.6451612903225807,1.0,1.0,0.0,1
0.6666666666666667,1.0,1.0,1.0,0.9090909090909092,0.0,0.3225806451612904,0.0,1.0,0.42857142857142855,3
0.3333333333333333,0.0,1.0,0.0,0.9090909090909092,1.0,0.3225806451612904,0.5,0.0,0.14285714285714285,1
0.3333333333333333,0.0,1.0,0.0,0.9090909090909092,0.5,0.9677419354838712,1.0,1.0,0.0,1
0.6666666666666667,0.0,0.0,0.0,0.0,0.5,0.6451612903225807,1.0,0.0,0.14285714285714285,1
0.3333333333333333,0.0,0.0,0.0,0.9090909090909092,1.0,0.6451612903225807,0.5,0.0,0.0,1
1.0,0.0,1.0,0.0,0.9090909090909092,1.0,0.6451612903225807,1.0,1.0,0.2857142857142857,2
0.6666666666666667,1.0,1.0,1.0,0.0,0.0,0.3225806451612904,1.0,0.0,0.42857142857142855,3
0.3333333333333333,0.0,0.0,0.0,0.9090909090909092,0.5,0.6451612903225807,1.0,1.0,0.2857142857142857,2
0.3333333333333333,0.0,1.0,0.0,0.9090909090909092,1.0,0.3225806451612904,1.0,1.0,0.7142857142857142,2
1.0,1.0,1.0,1.0,0.9090909090909092,1.0,0.9677419354838712,1.0,1.0,1.0,2
0.3333333333333333,1.0,1.0,0.0,0.0,0.5,0.6451612903225807,0.5,0.0,0.0,1
1.0,0.0,1.0,0.0,0.0,0.5,0.6451612903225807,0.5,0.0,0.0,1
0.6666666666666667,0.0,1.0,0.0,0.0,1.0,0.6451612903225807,0.5,0.0,0.14285714285714285,1
0.0,0.0,0.0,0.0,0.0,0.0,0.0,0.0,0.0,0.0,0
0.3333333333333333,0.0,0.0,0.0,0.9090909090909092,1.0,0.6451612903225807,0.5,0.0,0.0,1
0.3333333333333333,0.0,0.0,0.0,0.9090909090909092,0.5,0.3225806451612904,1.0,1.0,0.2857142857142857,2
0.3333333333333333,0.0,1.0,0.0,0.9090909090909092,0.5,0.9677419354838712,0.0,1.0,0.14285714285714285,2
0.6666666666666667,1.0,0.0,0.0,0.9090909090909092,1.0,0.6451612903225807,1.0,0.0,0.0,1
0.3333333333333333,0.0,1.0,0.0,0.9090909090909092,1.0,0.3225806451612904,1.0,1.0,0.14285714285714285,2
0.6666666666666667,0.0,1.0,0.0,0.9090909090909092,0.5,0.6451612903225807,0.5,1.0,0.14285714285714285,1
